filename,size,texture,variant,colour,class
phone_bumpy_large_01_red.png,bumpy,large,01,red,phone
phone_bumpy_large_01_green.png,bumpy,large,01,green,phone
phone_bumpy_large_01_blue.png,bumpy,large,01,blue,phone
phone_bumpy_large_01_yellow.png,bumpy,large,01,yellow,phone
phone_bumpy_large_01_orange.png,bumpy,large,01,orange,phone
phone_bumpy_large_01_purple.png,bumpy,large,01,purple,phone
phone_bumpy_large_01_pink.png,bumpy,large,01,pink,phone
phone_bumpy_large_01_brown.png,bumpy,large,01,brown,phone
phone_bumpy_large_01_black.png,bumpy,large,01,black,phone
